author,authorIsChannelOwner,channelId,channelName,channelUrl,channelUsername,cid,comment,comments,commentsCount,date,descriptionLinks,duration,formats,hasCreatorHeart,id,input,isMonetized,likes,pageUrl,publishedTimeText,replyCount,replyToCid,subtitles,text,thumbnailUrl,title,type,url,videoId,viewCount,voteCount
,,UCpOejPLSg4ra45HPdxmh6sQ,Myint Gotsu,https://www.youtube.com/@MyintGotsu,MyintGotsu,,,,0,2025-02-01T16:06:21.000Z,,,,,dMqaccz1H54,https://www.youtube.com//shorts/dMqaccz1H54,,10,,,,,,,,#bluetoothspeaker #speaker #tribit #waterproofspeaker,shorts,https://www.youtube.com//shorts/dMqaccz1H54,,853,
,,UCpOejPLSg4ra45HPdxmh6sQ,Myint Gotsu,https://www.youtube.com/@MyintGotsu,MyintGotsu,,,,0,2025-01-22T15:01:19.000Z,,,,,8fMLTBDXKPs,https://www.youtube.com//shorts/8fMLTBDXKPs,,77,,,,,,,,#bluetoothspeaker #speaker #tribit #waterproofspeaker,shorts,https://www.youtube.com//shorts/8fMLTBDXKPs,,8303,
,,UCpOejPLSg4ra45HPdxmh6sQ,Myint Gotsu,https://www.youtube.com/@MyintGotsu,MyintGotsu,,,,0,2025-01-29T16:12:16.000Z,,,,,TTobZWVFy2k,https://www.youtube.com//shorts/TTobZWVFy2k,,18,,,,,,,,#bluetoothspeaker #speaker #tribit #waterproofspeaker,shorts,https://www.youtube.com//shorts/TTobZWVFy2k,,818,
,,UCpOejPLSg4ra45HPdxmh6sQ,Myint Gotsu,https://www.youtube.com/@MyintGotsu,MyintGotsu,,,,0,2025-02-04T15:22:31.000Z,,,,,YwUrXjJa0mI,https://www.youtube.com//shorts/YwUrXjJa0mI,,19,,,,,,,,#bluetoothspeaker #speaker #tribit #waterproofspeaker,shorts,https://www.youtube.com//shorts/YwUrXjJa0mI,,2044,
,,UC3fPLocxaAcbyo83fEa5BcQ,Bigteddybear Skitina,https://www.youtube.com/@BigteddybearSkitina,BigteddybearSkitina,,,,0,2025-02-23T14:55:07.000Z,,,,,ntMaD0z5QgU,https://www.youtube.com//shorts/ntMaD0z5QgU,,8,,,,,,,,#bluetoothspeaker #speaker #tribit #waterproofspeaker #ledspeaker #showerspeaker,shorts,https://www.youtube.com//shorts/ntMaD0z5QgU,,410,
,,UC3fPLocxaAcbyo83fEa5BcQ,Bigteddybear Skitina,https://www.youtube.com/@BigteddybearSkitina,BigteddybearSkitina,,,,0,2025-02-23T13:05:55.000Z,,,,,Z0e8r0lqZvY,https://www.youtube.com//shorts/Z0e8r0lqZvY,,7,,,,,,,,#bluetoothspeaker #speaker #tribit #waterproofspeaker #ledspeaker #showerspeaker,shorts,https://www.youtube.com//shorts/Z0e8r0lqZvY,,408,
,,UCpOejPLSg4ra45HPdxmh6sQ,Myint Gotsu,https://www.youtube.com/@MyintGotsu,MyintGotsu,,,,0,2025-01-23T11:12:33.000Z,,,,,1CVtzY22Vj0,https://www.youtube.com//shorts/1CVtzY22Vj0,,79,,,,,,,,#bluetoothspeaker #speaker #tribit #waterproofspeaker,shorts,https://www.youtube.com//shorts/1CVtzY22Vj0,,8316,
,,UCpOejPLSg4ra45HPdxmh6sQ,Myint Gotsu,https://www.youtube.com/@MyintGotsu,MyintGotsu,,,,0,2025-02-03T15:38:58.000Z,,,,,5JWgtbdgmH0,https://www.youtube.com//shorts/5JWgtbdgmH0,,15,,,,,,,,#bluetoothspeaker #speaker #tribit #waterproofspeaker,shorts,https://www.youtube.com//shorts/5JWgtbdgmH0,,591,
,,UC3fPLocxaAcbyo83fEa5BcQ,Bigteddybear Skitina,https://www.youtube.com/@BigteddybearSkitina,BigteddybearSkitina,,,,0,2025-02-23T14:08:50.000Z,,,,,6CTvIoNJyDw,https://www.youtube.com//shorts/6CTvIoNJyDw,,2,,,,,,,,#bluetoothspeaker #speaker #tribit #waterproofspeaker #ledspeaker #showerspeaker,shorts,https://www.youtube.com//shorts/6CTvIoNJyDw,,29,
@Minarelli6,false,,,,,UgyrPA_lKtO2R8rbWn14AaABAg,Be like temu speaker,,1,,,,,false,,,,,https://www.youtube.com//shorts/E_77AX_sCvU,4 weeks ago,0,,,,,#bluetoothspeaker #speaker #tribit #waterproofspeaker,comment,,E_77AX_sCvU,,0
,,UC3fPLocxaAcbyo83fEa5BcQ,Bigteddybear Skitina,https://www.youtube.com/@BigteddybearSkitina,BigteddybearSkitina,,,,0,2025-02-22T07:09:22.000Z,,,,,IwzSasN4BvU,https://www.youtube.com//shorts/IwzSasN4BvU,,7,,,,,,,,#bluetoothspeaker #speaker #tribit #waterproofspeaker #ledspeaker #showerspeaker,shorts,https://www.youtube.com//shorts/IwzSasN4BvU,,462,
,,UC3fPLocxaAcbyo83fEa5BcQ,Bigteddybear Skitina,https://www.youtube.com/@BigteddybearSkitina,BigteddybearSkitina,,,,0,2025-02-21T02:41:37.000Z,,,,,iTE-CdcVzWI,https://www.youtube.com//shorts/iTE-CdcVzWI,,11,,,,,,,,#bluetoothspeaker #speaker #tribit #waterproofspeaker #ledspeaker #showerspeaker,shorts,https://www.youtube.com//shorts/iTE-CdcVzWI,,436,
,,UC3fPLocxaAcbyo83fEa5BcQ,Bigteddybear Skitina,https://www.youtube.com/@BigteddybearSkitina,BigteddybearSkitina,,,,0,2025-02-19T15:05:12.000Z,,,,,yfHonFDjFm0,https://www.youtube.com//shorts/yfHonFDjFm0,,23,,,,,,,,#bluetoothspeaker #speaker #tribit #waterproofspeaker #ledspeaker #showerspeaker,shorts,https://www.youtube.com//shorts/yfHonFDjFm0,,3529,
,,UC3fPLocxaAcbyo83fEa5BcQ,Bigteddybear Skitina,https://www.youtube.com/@BigteddybearSkitina,BigteddybearSkitina,,,,0,2025-02-20T14:10:05.000Z,,,,,xsJohQIQ4Rk,https://www.youtube.com//shorts/xsJohQIQ4Rk,,10,,,,,,,,#bluetoothspeaker #speaker #tribit#waterproofspeaker #ledspeaker #showerspeaker,shorts,https://www.youtube.com//shorts/xsJohQIQ4Rk,,2216,
,,UC3fPLocxaAcbyo83fEa5BcQ,Bigteddybear Skitina,https://www.youtube.com/@BigteddybearSkitina,BigteddybearSkitina,,,,0,2025-02-20T15:16:02.000Z,,,,,3hqaFQOxo3k,https://www.youtube.com//shorts/3hqaFQOxo3k,,34,,,,,,,,#bluetoothspeaker #speaker #tribit #waterproofspeaker #ledspeaker #showerspeaker,shorts,https://www.youtube.com//shorts/3hqaFQOxo3k,,4135,
,,UC3fPLocxaAcbyo83fEa5BcQ,Bigteddybear Skitina,https://www.youtube.com/@BigteddybearSkitina,BigteddybearSkitina,,,,0,2025-02-19T17:12:44.000Z,,,,,fPu6URdXyxU,https://www.youtube.com//shorts/fPu6URdXyxU,,1,,,,,,,,#bluetoothspeaker #speaker #tribit #waterproofspeaker #ledspeaker #showerspeaker,shorts,https://www.youtube.com//shorts/fPu6URdXyxU,,41,
,,UC3fPLocxaAcbyo83fEa5BcQ,Bigteddybear Skitina,https://www.youtube.com/@BigteddybearSkitina,BigteddybearSkitina,,,,0,2025-02-21T15:52:21.000Z,,,,,ZV2xsemqJ4g,https://www.youtube.com//shorts/ZV2xsemqJ4g,,7,,,,,,,,#speaker #tribit #waterproofspeaker #ledspeaker #showerspeaker,shorts,https://www.youtube.com//shorts/ZV2xsemqJ4g,,411,
,,UC3fPLocxaAcbyo83fEa5BcQ,Bigteddybear Skitina,https://www.youtube.com/@BigteddybearSkitina,BigteddybearSkitina,,,,0,2025-02-21T14:45:45.000Z,,,,,niBj1qk13NU,https://www.youtube.com//shorts/niBj1qk13NU,,12,,,,,,,,#bluetoothspeaker #speaker #tribit #waterproofspeaker #ledspeaker #showerspeaker,shorts,https://www.youtube.com//shorts/niBj1qk13NU,,1378,
,,UC3fPLocxaAcbyo83fEa5BcQ,Bigteddybear Skitina,https://www.youtube.com/@BigteddybearSkitina,BigteddybearSkitina,,,,0,2025-02-18T15:08:14.000Z,,,,,OsTCq7R320g,https://www.youtube.com//shorts/OsTCq7R320g,,27,,,,,,,,#bluetoothspeaker #speaker #tribit #waterproofspeaker #ledspeaker #showerspeaker,shorts,https://www.youtube.com//shorts/OsTCq7R320g,,3302,
,,UC3fPLocxaAcbyo83fEa5BcQ,Bigteddybear Skitina,https://www.youtube.com/@BigteddybearSkitina,BigteddybearSkitina,,,,0,2025-02-19T12:11:26.000Z,,,,,Ue6P-4PyOWI,https://www.youtube.com//shorts/Ue6P-4PyOWI,,20,,,,,,,,#bluetoothspeaker #speaker #tribit#waterproofspeaker #ledspeaker #showerspeaker,shorts,https://www.youtube.com//shorts/Ue6P-4PyOWI,,1987,
,,UC3fPLocxaAcbyo83fEa5BcQ,Bigteddybear Skitina,https://www.youtube.com/@BigteddybearSkitina,BigteddybearSkitina,,,,0,2025-02-17T14:59:34.000Z,,,,,7qrVwEKGZNI,https://www.youtube.com//shorts/7qrVwEKGZNI,,6,,,,,,,,#bluetoothspeaker #speaker #tribit #waterproofspeaker #ledspeaker #showerspeaker,shorts,https://www.youtube.com//shorts/7qrVwEKGZNI,,494,
,,UC3fPLocxaAcbyo83fEa5BcQ,Bigteddybear Skitina,https://www.youtube.com/@BigteddybearSkitina,BigteddybearSkitina,,,,0,2025-02-15T14:54:08.000Z,,,,,BB4UZsYD-8A,https://www.youtube.com//shorts/BB4UZsYD-8A,,3,,,,,,,,#bluetoothspeaker #speaker #tribit #waterproofspeaker #ledspeaker #showerspeaker,shorts,https://www.youtube.com//shorts/BB4UZsYD-8A,,317,
,,UC3fPLocxaAcbyo83fEa5BcQ,Bigteddybear Skitina,https://www.youtube.com/@BigteddybearSkitina,BigteddybearSkitina,,,,0,2025-02-13T14:50:30.000Z,,,,,gj5lqskekR0,https://www.youtube.com//shorts/gj5lqskekR0,,16,,,,,,,,#bluetoothspeaker #speaker #tribit#waterproofspeaker #ledspeaker #showerspeaker,shorts,https://www.youtube.com//shorts/gj5lqskekR0,,2075,
,,UCpOejPLSg4ra45HPdxmh6sQ,Myint Gotsu,https://www.youtube.com/@MyintGotsu,MyintGotsu,,,,0,2025-02-23T14:53:47.000Z,,,,,jJR47Hk78D4,https://www.youtube.com//shorts/jJR47Hk78D4,,0,,,,,,,,#tribit #bluetoothspeaker #portablespeaker #subwoofer #speaker #waterproofspeaker,shorts,https://www.youtube.com//shorts/jJR47Hk78D4,,19,
,,UCpOejPLSg4ra45HPdxmh6sQ,Myint Gotsu,https://www.youtube.com/@MyintGotsu,MyintGotsu,,,,0,2025-02-23T14:08:57.000Z,,,,,6Y3DRXjT2ns,https://www.youtube.com//shorts/6Y3DRXjT2ns,,3,,,,,,,,#tribit #bluetoothspeaker #portablespeaker #subwoofer #speaker #waterproofspeaker,shorts,https://www.youtube.com//shorts/6Y3DRXjT2ns,,183,
,,UC3fPLocxaAcbyo83fEa5BcQ,Bigteddybear Skitina,https://www.youtube.com/@BigteddybearSkitina,BigteddybearSkitina,,,,0,2025-02-14T15:11:52.000Z,,,,,jfJUxGBEpTM,https://www.youtube.com//shorts/jfJUxGBEpTM,,36,,,,,,,,#bluetoothspeaker #speaker #tribit #waterproofspeaker #ledspeaker #showerspeaker,shorts,https://www.youtube.com//shorts/jfJUxGBEpTM,,2852,
,,UC3fPLocxaAcbyo83fEa5BcQ,Bigteddybear Skitina,https://www.youtube.com/@BigteddybearSkitina,BigteddybearSkitina,,,,0,2025-02-13T02:55:34.000Z,,,,,F-XWB74kGAk,https://www.youtube.com//shorts/F-XWB74kGAk,,26,,,,,,,,#bluetoothspeaker #speaker #tribit #waterproofspeaker #ledspeaker #showerspeaker,shorts,https://www.youtube.com//shorts/F-XWB74kGAk,,2139,
,,UCpOejPLSg4ra45HPdxmh6sQ,Myint Gotsu,https://www.youtube.com/@MyintGotsu,MyintGotsu,,,,0,2025-02-21T14:43:04.000Z,,,,,CC5Nrwe1RMU,https://www.youtube.com//shorts/CC5Nrwe1RMU,,15,,,,,,,,#tribit #bluetoothspeaker #portablespeaker #subwoofer #speaker #waterproofspeaker,shorts,https://www.youtube.com//shorts/CC5Nrwe1RMU,,2490,
,,UCpOejPLSg4ra45HPdxmh6sQ,Myint Gotsu,https://www.youtube.com/@MyintGotsu,MyintGotsu,,,,0,2025-02-23T13:05:14.000Z,,,,,0PBzHe1kby8,https://www.youtube.com//shorts/0PBzHe1kby8,,3,,,,,,,,#tribit #bluetoothspeaker #portablespeaker #subwoofer #speaker #waterproofspeaker,shorts,https://www.youtube.com//shorts/0PBzHe1kby8,,550,
,,UCpOejPLSg4ra45HPdxmh6sQ,Myint Gotsu,https://www.youtube.com/@MyintGotsu,MyintGotsu,,,,0,2025-02-22T07:09:26.000Z,,,,,c3m5NzHPTdU,https://www.youtube.com//shorts/c3m5NzHPTdU,,5,,,,,,,,#tribit #bluetoothspeaker #portablespeaker #subwoofer #speaker #waterproofspeaker,shorts,https://www.youtube.com//shorts/c3m5NzHPTdU,,475,
,,UCpOejPLSg4ra45HPdxmh6sQ,Myint Gotsu,https://www.youtube.com/@MyintGotsu,MyintGotsu,,,,0,2025-02-21T15:51:09.000Z,,,,,7zUHoDfiyYM,https://www.youtube.com//shorts/7zUHoDfiyYM,,26,,,,,,,,#tribit #bluetoothspeaker #portablespeaker #subwoofer #speaker #waterproofspeaker,shorts,https://www.youtube.com//shorts/7zUHoDfiyYM,,2088,
,,UCpOejPLSg4ra45HPdxmh6sQ,Myint Gotsu,https://www.youtube.com/@MyintGotsu,MyintGotsu,,,,0,2025-02-21T02:42:04.000Z,,,,,Lq_R85HFz0g,https://www.youtube.com//shorts/Lq_R85HFz0g,,33,,,,,,,,#tribit #bluetoothspeaker #portablespeaker #subwoofer #speaker #waterproofspeaker,shorts,https://www.youtube.com//shorts/Lq_R85HFz0g,,3671,
,,UCpOejPLSg4ra45HPdxmh6sQ,Myint Gotsu,https://www.youtube.com/@MyintGotsu,MyintGotsu,,,,0,2025-02-20T14:10:10.000Z,,,,,DRTCrfeic5U,https://www.youtube.com//shorts/DRTCrfeic5U,,13,,,,,,,,#tribit #bluetoothspeaker #portablespeaker #subwoofer #speaker #waterproofspeaker,shorts,https://www.youtube.com//shorts/DRTCrfeic5U,,1805,
,,UCpOejPLSg4ra45HPdxmh6sQ,Myint Gotsu,https://www.youtube.com/@MyintGotsu,MyintGotsu,,,,0,2025-02-19T12:20:59.000Z,,,,,bugTC-56Qmk,https://www.youtube.com//shorts/bugTC-56Qmk,,89,,,,,,,,#tribit #bluetoothspeaker #portablespeaker #subwoofer #speaker #waterproofspeaker,shorts,https://www.youtube.com//shorts/bugTC-56Qmk,,11135,
,,UCpOejPLSg4ra45HPdxmh6sQ,Myint Gotsu,https://www.youtube.com/@MyintGotsu,MyintGotsu,,,,0,2025-02-18T15:38:38.000Z,,,,,eO603iRsCAw,https://www.youtube.com//shorts/eO603iRsCAw,,4,,,,,,,,#tribit #bluetoothspeaker #portablespeaker #subwoofer #speaker #waterproofspeaker,shorts,https://www.youtube.com//shorts/eO603iRsCAw,,472,
,,UCpOejPLSg4ra45HPdxmh6sQ,Myint Gotsu,https://www.youtube.com/@MyintGotsu,MyintGotsu,,,,0,2025-02-17T14:58:42.000Z,,,,,bJbPtn8O7xA,https://www.youtube.com//shorts/bJbPtn8O7xA,,5,,,,,,,,#tribit #bluetoothspeaker #portablespeaker #subwoofer #speaker #waterproofspeaker,shorts,https://www.youtube.com//shorts/bJbPtn8O7xA,,432,
,,UCpOejPLSg4ra45HPdxmh6sQ,Myint Gotsu,https://www.youtube.com/@MyintGotsu,MyintGotsu,,,,0,2025-02-15T14:52:16.000Z,,,,,DigORvwXQx8,https://www.youtube.com//shorts/DigORvwXQx8,,3,,,,,,,,#tribit #bluetoothspeaker #portablespeaker #subwoofer #speaker #waterproofspeaker,shorts,https://www.youtube.com//shorts/DigORvwXQx8,,185,
,,UCpOejPLSg4ra45HPdxmh6sQ,Myint Gotsu,https://www.youtube.com/@MyintGotsu,MyintGotsu,,,,0,2025-02-18T15:08:39.000Z,,,,,EtSSJAyfpuA,https://www.youtube.com//shorts/EtSSJAyfpuA,,52,,,,,,,,#tribit #bluetoothspeaker #portablespeaker #subwoofer #speaker #waterproofspeaker,shorts,https://www.youtube.com//shorts/EtSSJAyfpuA,,6084,
,,UCpOejPLSg4ra45HPdxmh6sQ,Myint Gotsu,https://www.youtube.com/@MyintGotsu,MyintGotsu,,,,0,2025-02-14T00:00:00.000Z,,,,,1j-jWKBn20o,https://www.youtube.com//shorts/1j-jWKBn20o,,12,,,,,,,,#tribit #bluetoothspeaker #portablespeaker #subwoofer #speaker #waterproofspeaker,shorts,https://www.youtube.com//shorts/1j-jWKBn20o,,1405,
,,UCpOejPLSg4ra45HPdxmh6sQ,Myint Gotsu,https://www.youtube.com/@MyintGotsu,MyintGotsu,,,,0,2025-02-19T15:05:26.000Z,,,,,wq91C5Dr1ps,https://www.youtube.com//shorts/wq91C5Dr1ps,,48,,,,,,,,#tribit #bluetoothspeaker #portablespeaker #subwoofer #speaker #waterproofspeaker,shorts,https://www.youtube.com//shorts/wq91C5Dr1ps,,4654,
,,UCpOejPLSg4ra45HPdxmh6sQ,Myint Gotsu,https://www.youtube.com/@MyintGotsu,MyintGotsu,,,,0,2025-02-13T14:55:48.000Z,,,,,aRaunCX3VnQ,https://www.youtube.com//shorts/aRaunCX3VnQ,,5,,,,,,,,#tribit #bluetoothspeaker #portablespeaker #subwoofer #speaker #waterproofspeaker,shorts,https://www.youtube.com//shorts/aRaunCX3VnQ,,1104,
,,UCpOejPLSg4ra45HPdxmh6sQ,Myint Gotsu,https://www.youtube.com/@MyintGotsu,MyintGotsu,,,,0,2025-02-12T02:51:11.000Z,,,,,BbiWDOwlnIA,https://www.youtube.com//shorts/BbiWDOwlnIA,,3,,,,,,,,#tribit #bluetoothspeaker #portablespeaker #subwoofer #speaker #waterproofspeaker,shorts,https://www.youtube.com//shorts/BbiWDOwlnIA,,532,
,,UCpOejPLSg4ra45HPdxmh6sQ,Myint Gotsu,https://www.youtube.com/@MyintGotsu,MyintGotsu,,,,0,2025-02-13T02:52:41.000Z,,,,,MDe0nqb_uGA,https://www.youtube.com//shorts/MDe0nqb_uGA,,29,,,,,,,,#tribit #bluetoothspeaker #portablespeaker #subwoofer #speaker #waterproofspeaker,shorts,https://www.youtube.com//shorts/MDe0nqb_uGA,,4468,
,,UCpOejPLSg4ra45HPdxmh6sQ,Myint Gotsu,https://www.youtube.com/@MyintGotsu,MyintGotsu,,,,0,2025-02-12T15:18:53.000Z,,,,,SSZu_xbyajk,https://www.youtube.com//shorts/SSZu_xbyajk,,8,,,,,,,,#tribit #bluetoothspeaker #portablespeaker #subwoofer #speaker #waterproofspeaker,shorts,https://www.youtube.com//shorts/SSZu_xbyajk,,439,
,,UCpOejPLSg4ra45HPdxmh6sQ,Myint Gotsu,https://www.youtube.com/@MyintGotsu,MyintGotsu,,,,0,2025-02-11T14:22:38.000Z,,,,,a6kSQiqtV3E,https://www.youtube.com//shorts/a6kSQiqtV3E,,13,,,,,,,,#tribit #bluetoothspeaker #portablespeaker #subwoofer #speaker #waterproofspeaker,shorts,https://www.youtube.com//shorts/a6kSQiqtV3E,,1447,
,,UCpOejPLSg4ra45HPdxmh6sQ,Myint Gotsu,https://www.youtube.com/@MyintGotsu,MyintGotsu,,,,0,2025-02-08T14:55:49.000Z,,,,,OHzrmwQBvLw,https://www.youtube.com//shorts/OHzrmwQBvLw,,52,,,,,,,,#bluetoothspeaker #speaker #tribit #waterproofspeaker,shorts,https://www.youtube.com//shorts/OHzrmwQBvLw,,4914,
,,UCpOejPLSg4ra45HPdxmh6sQ,Myint Gotsu,https://www.youtube.com/@MyintGotsu,MyintGotsu,,,,0,2025-02-07T14:58:38.000Z,,,,,vK17rg4MGzY,https://www.youtube.com//shorts/vK17rg4MGzY,,2,,,,,,,,#bluetoothspeaker #speaker #tribit #waterproofspeaker,shorts,https://www.youtube.com//shorts/vK17rg4MGzY,,506,
,,UCpOejPLSg4ra45HPdxmh6sQ,Myint Gotsu,https://www.youtube.com/@MyintGotsu,MyintGotsu,,,,0,2025-02-06T14:22:20.000Z,,,,,NfQ7NGDT8nU,https://www.youtube.com//shorts/NfQ7NGDT8nU,,38,,,,,,,,#bluetoothspeaker #speaker #tribit #waterproofspeaker,shorts,https://www.youtube.com//shorts/NfQ7NGDT8nU,,3420,
,,UCmy9G9HWEBsAN6pLOADbHhA,Delimiro Orozc,https://www.youtube.com/@DelimiroOrozc,DelimiroOrozc,,,,0,2025-02-18T15:38:46.000Z,,,,,um6_UO6G6Gs,https://www.youtube.com//shorts/um6_UO6G6Gs,,9,,,,,,,,#bluetoothspeaker #showerspeaker #tribit #stormbox #basstwst #partyspeaker #waterproofspeaker,shorts,https://www.youtube.com//shorts/um6_UO6G6Gs,,530,
@superbasslab,false,,,,,Ugz9uelH6ZvuJ19XxRZ4AaABAg,Make the paint spash more by using some water,,1,,,,,false,,,,,https://www.youtube.com//shorts/EO0jbtZ-Mb4,2 weeks ago,0,,,,,Tribit Bass Test #bass #bluetoothspeaker #speaker #tribit #waterproofspeaker,comment,,EO0jbtZ-Mb4,,0
,,UCmy9G9HWEBsAN6pLOADbHhA,Delimiro Orozc,https://www.youtube.com/@DelimiroOrozc,DelimiroOrozc,,,,0,2025-02-12T15:15:23.000Z,,,,,3sAIpfKY8D0,https://www.youtube.com//shorts/3sAIpfKY8D0,,33,,,,,,,,#bluetoothspeaker #showerspeaker  #tribit #stormbox #basstwst #partyspeaker #waterproofspeaker,shorts,https://www.youtube.com//shorts/3sAIpfKY8D0,,5770,
,,UCmy9G9HWEBsAN6pLOADbHhA,Delimiro Orozc,https://www.youtube.com/@DelimiroOrozc,DelimiroOrozc,,,,0,2025-02-13T14:49:39.000Z,,,,,4cezg0R-yss,https://www.youtube.com//shorts/4cezg0R-yss,,24,,,,,,,,#bluetoothspeaker #showerspeaker  #tribit #stormbox #basstwst #partyspeaker #waterproofspeaker,shorts,https://www.youtube.com//shorts/4cezg0R-yss,,3679,
,,UCmy9G9HWEBsAN6pLOADbHhA,Delimiro Orozc,https://www.youtube.com/@DelimiroOrozc,DelimiroOrozc,,,,0,2025-02-11T14:22:31.000Z,,,,,kB6SBLDvU-s,https://www.youtube.com//shorts/kB6SBLDvU-s,,7,,,,,,,,#bluetoothspeaker #showerspeaker  #tribit #stormbox #basstwst #partyspeaker #waterproofspeaker,shorts,https://www.youtube.com//shorts/kB6SBLDvU-s,,737,
,,UCmy9G9HWEBsAN6pLOADbHhA,Delimiro Orozc,https://www.youtube.com/@DelimiroOrozc,DelimiroOrozc,,,,0,2025-02-18T15:08:33.000Z,,,,,Rm8MLY1Tiu8,https://www.youtube.com//shorts/Rm8MLY1Tiu8,,26,,,,,,,,#bluetoothspeaker #showerspeaker  #tribit #stormbox #basstwst #partyspeaker #waterproofspeaker,shorts,https://www.youtube.com//shorts/Rm8MLY1Tiu8,,4803,
,,UCmy9G9HWEBsAN6pLOADbHhA,Delimiro Orozc,https://www.youtube.com/@DelimiroOrozc,DelimiroOrozc,,,,0,2025-02-17T14:59:01.000Z,,,,,pt34d0Vc9qI,https://www.youtube.com//shorts/pt34d0Vc9qI,,4,,,,,,,,#bluetoothspeaker #showerspeaker  #tribit #stormbox #basstwst #partyspeaker #waterproofspeaker,shorts,https://www.youtube.com//shorts/pt34d0Vc9qI,,444,
,,UCmy9G9HWEBsAN6pLOADbHhA,Delimiro Orozc,https://www.youtube.com/@DelimiroOrozc,DelimiroOrozc,,,,0,2025-02-13T02:55:20.000Z,,,,,VLXvKminsWs,https://www.youtube.com//shorts/VLXvKminsWs,,67,,,,,,,,#bluetoothspeaker #showerspeaker  #tribit #stormbox #basstwst #partyspeaker #waterproofspeaker,shorts,https://www.youtube.com//shorts/VLXvKminsWs,,8377,
,,UCmy9G9HWEBsAN6pLOADbHhA,Delimiro Orozc,https://www.youtube.com/@DelimiroOrozc,DelimiroOrozc,,,,0,2025-02-06T14:20:52.000Z,,,,,WEaJ2kYpxPM,https://www.youtube.com//shorts/WEaJ2kYpxPM,,4,,,,,,,,#bluetoothspeaker #speaker #tribit #waterproofspeaker,shorts,https://www.youtube.com//shorts/WEaJ2kYpxPM,,1316,
,,UCmy9G9HWEBsAN6pLOADbHhA,Delimiro Orozc,https://www.youtube.com/@DelimiroOrozc,DelimiroOrozc,,,,0,2025-02-12T02:36:39.000Z,,,,,GSMc5ILRduM,https://www.youtube.com//shorts/GSMc5ILRduM,,12,,,,,,,,#bluetoothspeaker #showerspeaker  #tribit #stormbox #basstwst #partyspeaker #waterproofspeaker,shorts,https://www.youtube.com//shorts/GSMc5ILRduM,,1038,
,,UCmy9G9HWEBsAN6pLOADbHhA,Delimiro Orozc,https://www.youtube.com/@DelimiroOrozc,DelimiroOrozc,,,,0,2025-02-15T14:52:31.000Z,,,,,CC3wQf38Jg8,https://www.youtube.com//shorts/CC3wQf38Jg8,,5,,,,,,,,#bluetoothspeaker #showerspeaker  #tribit #stormbox #basstwst #partyspeaker #waterproofspeaker,shorts,https://www.youtube.com//shorts/CC3wQf38Jg8,,526,
,,UCmy9G9HWEBsAN6pLOADbHhA,Delimiro Orozc,https://www.youtube.com/@DelimiroOrozc,DelimiroOrozc,,,,0,2025-02-08T14:56:00.000Z,,,,,mTZVS1rhcJY,https://www.youtube.com//shorts/mTZVS1rhcJY,,82,,,,,,,,#bluetoothspeaker #speaker #tribit #waterproofspeaker,shorts,https://www.youtube.com//shorts/mTZVS1rhcJY,,8089,
,,UCmy9G9HWEBsAN6pLOADbHhA,Delimiro Orozc,https://www.youtube.com/@DelimiroOrozc,DelimiroOrozc,,,,0,2025-02-05T11:02:00.000Z,,,,,xA1mpkiaDSI,https://www.youtube.com//shorts/xA1mpkiaDSI,,6,,,,,,,,#bluetoothspeaker #speaker #tribit #waterproofspeaker,shorts,https://www.youtube.com//shorts/xA1mpkiaDSI,,503,
,,UCnwjKuO1tLH1EJNEQXfJxaA,David Medeiros,https://www.youtube.com/@DavidMedeiros-f6g,DavidMedeiros-f6g,,,,0,2025-02-21T14:44:58.000Z,,,,,2Az04NhlgyU,https://www.youtube.com//shorts/2Az04NhlgyU,,25,,,,,,,,#bluetoothspeaker #speaker #tribit #waterproofspeaker #bass #basslovers #fyp,shorts,https://www.youtube.com//shorts/2Az04NhlgyU,,1286,
,,UCnwjKuO1tLH1EJNEQXfJxaA,David Medeiros,https://www.youtube.com/@DavidMedeiros-f6g,DavidMedeiros-f6g,,,,0,2025-02-20T17:14:09.000Z,,,,,X2d2q_x3v9s,https://www.youtube.com//shorts/X2d2q_x3v9s,,9,,,,,,,,#bluetoothspeaker #speaker #tribit #waterproofspeaker #bass #basslovers #fyp,shorts,https://www.youtube.com//shorts/X2d2q_x3v9s,,668,
,,UCnwjKuO1tLH1EJNEQXfJxaA,David Medeiros,https://www.youtube.com/@DavidMedeiros-f6g,DavidMedeiros-f6g,,,,0,2025-02-20T17:47:17.000Z,,,,,dwW6SMSfJiI,https://www.youtube.com//shorts/dwW6SMSfJiI,,3,,,,,,,,#bluetoothspeaker #speaker #tribit #waterproofspeaker #bass #basslovers #fyp,shorts,https://www.youtube.com//shorts/dwW6SMSfJiI,,784,
,,UCmy9G9HWEBsAN6pLOADbHhA,Delimiro Orozc,https://www.youtube.com/@DelimiroOrozc,DelimiroOrozc,,,,0,2025-01-29T16:07:31.000Z,,,,,DB00J3pIZXk,https://www.youtube.com//shorts/DB00J3pIZXk,,72,,,,,,,,#bluetoothspeaker #speaker #tribit #waterproofspeaker,shorts,https://www.youtube.com//shorts/DB00J3pIZXk,,6044,
,,UCmy9G9HWEBsAN6pLOADbHhA,Delimiro Orozc,https://www.youtube.com/@DelimiroOrozc,DelimiroOrozc,,,,0,2025-02-07T14:58:29.000Z,,,,,rHgwG561UfY,https://www.youtube.com//shorts/rHgwG561UfY,,17,,,,,,,,#bluetoothspeaker #speaker #tribit #waterproofspeaker,shorts,https://www.youtube.com//shorts/rHgwG561UfY,,1597,
,,UCmy9G9HWEBsAN6pLOADbHhA,Delimiro Orozc,https://www.youtube.com/@DelimiroOrozc,DelimiroOrozc,,,,0,2025-01-24T16:09:15.000Z,,,,,lEZ9sb505yY,https://www.youtube.com//shorts/lEZ9sb505yY,,9,,,,,,,,#bluetoothspeaker #speaker #tribit #waterproofspeaker,shorts,https://www.youtube.com//shorts/lEZ9sb505yY,,598,
,,UC3fPLocxaAcbyo83fEa5BcQ,Bigteddybear Skitina,https://www.youtube.com/@BigteddybearSkitina,BigteddybearSkitina,,,,0,2025-02-12T15:15:23.000Z,,,,,rBY0eqpzAfo,https://www.youtube.com//shorts/rBY0eqpzAfo,,18,,,,,,,,#bluetoothspeaker #speaker #tribit#waterproofspeaker #ledspeaker #showerspeaker,shorts,https://www.youtube.com//shorts/rBY0eqpzAfo,,1168,
,,UCmy9G9HWEBsAN6pLOADbHhA,Delimiro Orozc,https://www.youtube.com/@DelimiroOrozc,DelimiroOrozc,,,,0,2025-02-04T15:22:35.000Z,,,,,BNiRMwNW8-s,https://www.youtube.com//shorts/BNiRMwNW8-s,,92,,,,,,,,#bluetoothspeaker #speaker #tribit #waterproofspeaker,shorts,https://www.youtube.com//shorts/BNiRMwNW8-s,,9357,
,,UC3fPLocxaAcbyo83fEa5BcQ,Bigteddybear Skitina,https://www.youtube.com/@BigteddybearSkitina,BigteddybearSkitina,,,,0,2025-02-11T14:22:40.000Z,,,,,JsTZB8c6hXM,https://www.youtube.com//shorts/JsTZB8c6hXM,,4,,,,,,,,Foam Party:TRIBIT Edition #bluetoothspeaker #speaker #tribit#waterproofspeaker #ledspeaker,shorts,https://www.youtube.com//shorts/JsTZB8c6hXM,,489,
,,UCmy9G9HWEBsAN6pLOADbHhA,Delimiro Orozc,https://www.youtube.com/@DelimiroOrozc,DelimiroOrozc,,,,0,2025-01-23T11:12:38.000Z,,,,,XeCK_Ojs6gM,https://www.youtube.com//shorts/XeCK_Ojs6gM,,6,,,,,,,,#bluetoothspeaker #speaker #tribit #waterproofspeaker,shorts,https://www.youtube.com//shorts/XeCK_Ojs6gM,,636,
@jeepfan12,false,,,,,UgxiIydll8654V67BEB4AaABAg,I use the Jbl Flip 5 in my bathroom,,1,,,,,false,,,,,https://www.youtube.com//shorts/XzxgLpShlwU,1 month ago,0,,,,,#bluetoothspeaker #speaker #tribit #waterproofspeaker,comment,,XzxgLpShlwU,,0
,,UCmy9G9HWEBsAN6pLOADbHhA,Delimiro Orozc,https://www.youtube.com/@DelimiroOrozc,DelimiroOrozc,,,,0,2025-02-01T16:05:35.000Z,,,,,8u_fgQaRzR4,https://www.youtube.com//shorts/8u_fgQaRzR4,,29,,,,,,,,#bluetoothspeaker #speaker #tribit #waterproofspeaker,shorts,https://www.youtube.com//shorts/8u_fgQaRzR4,,3779,
@Daniel12450,false,,,,,UgzRsOLPfzIOPhVXU-h4AaABAg,I can’t hear anything,,1,,,,,false,,,,,https://www.youtube.com//shorts/raCvdTe_8IE,2 weeks ago,0,,,,,#bluetoothspeaker #speaker #tribit#waterproofspeaker,comment,,raCvdTe_8IE,,1
,,UC3fPLocxaAcbyo83fEa5BcQ,Bigteddybear Skitina,https://www.youtube.com/@BigteddybearSkitina,BigteddybearSkitina,,,,0,2025-02-07T14:58:28.000Z,,,,,XposHKGicYc,https://www.youtube.com//shorts/XposHKGicYc,,27,,,,,,,,#bluetoothspeaker #speaker #tribit#waterproofspeaker,shorts,https://www.youtube.com//shorts/XposHKGicYc,,2068,
,,UC3fPLocxaAcbyo83fEa5BcQ,Bigteddybear Skitina,https://www.youtube.com/@BigteddybearSkitina,BigteddybearSkitina,,,,0,2025-02-07T02:23:11.000Z,,,,,9R-qGPREn3w,https://www.youtube.com//shorts/9R-qGPREn3w,,8,,,,,,,,#bluetoothspeaker #speaker #tribit#waterproofspeaker,shorts,https://www.youtube.com//shorts/9R-qGPREn3w,,434,
,,UC3fPLocxaAcbyo83fEa5BcQ,Bigteddybear Skitina,https://www.youtube.com/@BigteddybearSkitina,BigteddybearSkitina,,,,0,2025-02-12T02:36:35.000Z,,,,,8GEgGpIypS4,https://www.youtube.com//shorts/8GEgGpIypS4,,0,,,,,,,,#bluetoothspeaker #speaker #tribit #waterproofspeaker #ledspeaker #showerspeaker,shorts,https://www.youtube.com//shorts/8GEgGpIypS4,,462,
@RaimundoPezao-e7h,false,,,,,Ugx7_Q69l3Yj1aDUg-F4AaABAg,Quero saber sobre a compra desta caixinha,,1,,,,,false,,,,,https://www.youtube.com//shorts/TENc71lxZS4,2 days ago,0,,,,,#bluetoothspeaker #speaker #tribit #waterproofspeaker #bass #basslovers #fyp,comment,,TENc71lxZS4,,0
@Dirtbikeking-s4e,false,,,,,UgzT0vnySqh8rdtc5ol4AaABAg,JBL is better,,1,,,,,false,,,,,https://www.youtube.com//shorts/NAogocclGE4,1 month ago,0,,,,,#bluetoothspeaker #speaker #tribit #waterproofspeaker,comment,,NAogocclGE4,,0
@AshtonTotton-u2j,false,,,,,Ugzy542NW20e_ljcT-B4AaABAg,Help him,,1,,,,,false,,,,,https://www.youtube.com//shorts/D7mHSEkqCnw,1 day ago,0,,,,,#bluetoothspeaker #showerspeaker #tribit #stormbox #basstwst #partyspeaker #waterproofspeaker,comment,,D7mHSEkqCnw,,0
,,UC3fPLocxaAcbyo83fEa5BcQ,Bigteddybear Skitina,https://www.youtube.com/@BigteddybearSkitina,BigteddybearSkitina,,,,0,2025-02-03T15:33:01.000Z,,,,,RJ0I0wmFhhA,https://www.youtube.com//shorts/RJ0I0wmFhhA,,22,,,,,,,,#bluetoothspeaker #speaker #tribit #waterproofspeaker,shorts,https://www.youtube.com//shorts/RJ0I0wmFhhA,,706,
,,UCmy9G9HWEBsAN6pLOADbHhA,Delimiro Orozc,https://www.youtube.com/@DelimiroOrozc,DelimiroOrozc,,,,0,2025-02-21T15:50:07.000Z,,,,,cPoey2RXmOM,https://www.youtube.com//shorts/cPoey2RXmOM,,17,,,,,,,,#bluetoothspeaker #showerspeaker #tribit #stormbox #basstwst #partyspeaker,shorts,https://www.youtube.com//shorts/cPoey2RXmOM,,1304,
,,UC3fPLocxaAcbyo83fEa5BcQ,Bigteddybear Skitina,https://www.youtube.com/@BigteddybearSkitina,BigteddybearSkitina,,,,0,2025-01-23T11:12:33.000Z,,,,,wwlMA53Gsu0,https://www.youtube.com//shorts/wwlMA53Gsu0,,10,,,,,,,,#bluetoothspeaker #speaker #tribit #waterproofspeaker,shorts,https://www.youtube.com//shorts/wwlMA53Gsu0,,620,
,,UC3fPLocxaAcbyo83fEa5BcQ,Bigteddybear Skitina,https://www.youtube.com/@BigteddybearSkitina,BigteddybearSkitina,,,,0,2025-01-29T16:07:10.000Z,,,,,psRocOVy2bs,https://www.youtube.com//shorts/psRocOVy2bs,,20,,,,,,,,#bluetoothspeaker #speaker #tribit#waterproofspeaker,shorts,https://www.youtube.com//shorts/psRocOVy2bs,,1778,
,,UCmy9G9HWEBsAN6pLOADbHhA,Delimiro Orozc,https://www.youtube.com/@DelimiroOrozc,DelimiroOrozc,,,,0,2025-02-23T13:05:11.000Z,,,,,0fJYefazTqI,https://www.youtube.com//shorts/0fJYefazTqI,,21,,,,,,,,#bluetoothspeaker #showerspeaker #tribit #stormbox #basstwst #partyspeaker #waterproofspeaker,shorts,https://www.youtube.com//shorts/0fJYefazTqI,,1181,
,,UCAxImPrIz076Dad30ctK-2g,Stephanie Warner,https://www.youtube.com/@StephanieWarner-e1y,StephanieWarner-e1y,,,,0,2025-02-13T16:00:47.000Z,,,,,bXn8888u7QI,https://www.youtube.com//shorts/bXn8888u7QI,,4,,,,,,,,#tribit #bass #bluetoothspeaker #justbasslover #subwoofers #speaker,shorts,https://www.youtube.com//shorts/bXn8888u7QI,,458,
,,UCAxImPrIz076Dad30ctK-2g,Stephanie Warner,https://www.youtube.com/@StephanieWarner-e1y,StephanieWarner-e1y,,,,0,2025-02-17T14:33:40.000Z,,,,,lmW4P8ZW-WI,https://www.youtube.com//shorts/lmW4P8ZW-WI,,11,,,,,,,,#tribit #bass #bluetoothspeaker #justbasslover #subwoofers #speaker,shorts,https://www.youtube.com//shorts/lmW4P8ZW-WI,,832,
,,UCmy9G9HWEBsAN6pLOADbHhA,Delimiro Orozc,https://www.youtube.com/@DelimiroOrozc,DelimiroOrozc,,,,0,2025-02-20T14:10:02.000Z,,,,,yc4OQKOR-2g,https://www.youtube.com//shorts/yc4OQKOR-2g,,11,,,,,,,,#bluetoothspeaker #showerspeaker #tribit #stormbox #basstwst #partyspeaker #waterproofspeaker,shorts,https://www.youtube.com//shorts/yc4OQKOR-2g,,520,
,,UCmy9G9HWEBsAN6pLOADbHhA,Delimiro Orozc,https://www.youtube.com/@DelimiroOrozc,DelimiroOrozc,,,,0,2025-02-21T14:43:17.000Z,,,,,doTKQIv_Ru0,https://www.youtube.com//shorts/doTKQIv_Ru0,,11,,,,,,,,#bluetoothspeaker #showerspeaker #tribit #stormbox #basstwst #partyspeaker #waterproofspeaker,shorts,https://www.youtube.com//shorts/doTKQIv_Ru0,,808,
,,UCmy9G9HWEBsAN6pLOADbHhA,Delimiro Orozc,https://www.youtube.com/@DelimiroOrozc,DelimiroOrozc,,,,0,2025-02-20T15:16:07.000Z,,,,,GTQhAi617zo,https://www.youtube.com//shorts/GTQhAi617zo,,24,,,,,,,,#bluetoothspeaker #showerspeaker #tribit #stormbox #basstwst #partyspeaker #waterproofspeaker,shorts,https://www.youtube.com//shorts/GTQhAi617zo,,3224,
,,UC3fPLocxaAcbyo83fEa5BcQ,Bigteddybear Skitina,https://www.youtube.com/@BigteddybearSkitina,BigteddybearSkitina,,,,0,2025-02-04T15:22:37.000Z,,,,,vNlWqbNMRwE,https://www.youtube.com//shorts/vNlWqbNMRwE,,6,,,,,,,,#bluetoothspeaker #speaker #tribit#waterproofspeaker,shorts,https://www.youtube.com//shorts/vNlWqbNMRwE,,1908,
,,UCAxImPrIz076Dad30ctK-2g,Stephanie Warner,https://www.youtube.com/@StephanieWarner-e1y,StephanieWarner-e1y,,,,0,2025-02-11T16:08:59.000Z,,,,,P5ZvA5LPjpE,https://www.youtube.com//shorts/P5ZvA5LPjpE,,22,,,,,,,,#tribit #bass #bluetoothspeaker #justbasslover #subwoofers #speaker,shorts,https://www.youtube.com//shorts/P5ZvA5LPjpE,,2946,
,,UCmy9G9HWEBsAN6pLOADbHhA,Delimiro Orozc,https://www.youtube.com/@DelimiroOrozc,DelimiroOrozc,,,,0,2025-02-03T15:33:08.000Z,,,,,w0hzssF_ZnQ,https://www.youtube.com//shorts/w0hzssF_ZnQ,,10,,,,,,,,#bluetoothspeaker #speaker #tribit #waterproofspeaker,shorts,https://www.youtube.com//shorts/w0hzssF_ZnQ,,851,
,,UCnwjKuO1tLH1EJNEQXfJxaA,David Medeiros,https://www.youtube.com/@DavidMedeiros-f6g,DavidMedeiros-f6g,,,,0,2025-02-19T16:57:22.000Z,,,,,MvobVynDQmA,https://www.youtube.com//shorts/MvobVynDQmA,,14,,,,,,,,#bluetoothspeaker #speaker #tribit #waterproofspeaker #bass #basslovers #fyp,shorts,https://www.youtube.com//shorts/MvobVynDQmA,,1650,
,,UCnwjKuO1tLH1EJNEQXfJxaA,David Medeiros,https://www.youtube.com/@DavidMedeiros-f6g,DavidMedeiros-f6g,,,,0,2025-02-17T14:33:51.000Z,,,,,mkxrl0hQ4Us,https://www.youtube.com//shorts/mkxrl0hQ4Us,,9,,,,,,,,#bluetoothspeaker #speaker #tribit #waterproofspeaker #bass #basslovers #fyp,shorts,https://www.youtube.com//shorts/mkxrl0hQ4Us,,649,
,,UC3fPLocxaAcbyo83fEa5BcQ,Bigteddybear Skitina,https://www.youtube.com/@BigteddybearSkitina,BigteddybearSkitina,,,,0,2025-02-01T16:05:41.000Z,,,,,dYgXwUlMeHw,https://www.youtube.com//shorts/dYgXwUlMeHw,,6,,,,,,,,#bluetoothspeaker #speaker #tribit,shorts,https://www.youtube.com//shorts/dYgXwUlMeHw,,651,
,,UCnwjKuO1tLH1EJNEQXfJxaA,David Medeiros,https://www.youtube.com/@DavidMedeiros-f6g,DavidMedeiros-f6g,,,,0,2025-02-19T14:37:46.000Z,,,,,X5QzC6O6r3w,https://www.youtube.com//shorts/X5QzC6O6r3w,,10,,,,,,,,#bluetoothspeaker #speaker #tribit #waterproofspeaker #bass #basslovers #fyp,shorts,https://www.youtube.com//shorts/X5QzC6O6r3w,,1338,
,,UCnwjKuO1tLH1EJNEQXfJxaA,David Medeiros,https://www.youtube.com/@DavidMedeiros-f6g,DavidMedeiros-f6g,,,,0,2025-02-19T12:05:48.000Z,,,,,rDBDF4FjiL4,https://www.youtube.com//shorts/rDBDF4FjiL4,,9,,,,,,,,#speaker #tribit #overbitbass #waterproofspeaker #amazon,shorts,https://www.youtube.com//shorts/rDBDF4FjiL4,,1165,
,,UCnwjKuO1tLH1EJNEQXfJxaA,David Medeiros,https://www.youtube.com/@DavidMedeiros-f6g,DavidMedeiros-f6g,,,,0,2025-02-13T16:00:41.000Z,,,,,b1Wvvl0LvH0,https://www.youtube.com//shorts/b1Wvvl0LvH0,,38,,,,,,,,#speaker #tribit #waterproofspeaker #bass #basslovers #fyp,shorts,https://www.youtube.com//shorts/b1Wvvl0LvH0,,5225,
,,UCnwjKuO1tLH1EJNEQXfJxaA,David Medeiros,https://www.youtube.com/@DavidMedeiros-f6g,DavidMedeiros-f6g,,,,0,2025-02-13T02:51:06.000Z,,,,,Iuj8GaladWs,https://www.youtube.com//shorts/Iuj8GaladWs,,37,,,,,,,,#speaker #waterproofspeaker #tribit #bass #bathroom #automobile #goodthing #bluetoothspeaker,shorts,https://www.youtube.com//shorts/Iuj8GaladWs,,7113,
,,UCAxImPrIz076Dad30ctK-2g,Stephanie Warner,https://www.youtube.com/@StephanieWarner-e1y,StephanieWarner-e1y,,,,0,2025-02-16T14:36:03.000Z,,,,,OgHEzp8HAYs,https://www.youtube.com//shorts/OgHEzp8HAYs,,7,,,,,,,,#tribit #bass #bluetoothspeaker #justbasslover #subwoofers #speaker,shorts,https://www.youtube.com//shorts/OgHEzp8HAYs,,949,
,,UC3fPLocxaAcbyo83fEa5BcQ,Bigteddybear Skitina,https://www.youtube.com/@BigteddybearSkitina,BigteddybearSkitina,,,,0,2025-02-05T11:02:09.000Z,,,,,6QIdh9lPolY,https://www.youtube.com//shorts/6QIdh9lPolY,,7,,,,,,,,#bluetoothspeaker#speaker #tribit#waterproofspeaker,shorts,https://www.youtube.com//shorts/6QIdh9lPolY,,522,
,,UCnwjKuO1tLH1EJNEQXfJxaA,David Medeiros,https://www.youtube.com/@DavidMedeiros-f6g,DavidMedeiros-f6g,,,,0,2025-02-12T02:46:46.000Z,,,,,TfeuQ7StRHE,https://www.youtube.com//shorts/TfeuQ7StRHE,,23,,,,,,,,#speaker #tribit #waterproofspeaker #bass #basslovers #fyp,shorts,https://www.youtube.com//shorts/TfeuQ7StRHE,,3372,
,,UCnwjKuO1tLH1EJNEQXfJxaA,David Medeiros,https://www.youtube.com/@DavidMedeiros-f6g,DavidMedeiros-f6g,,,,0,2025-02-12T15:19:36.000Z,,,,,dmnI7vLi_IM,https://www.youtube.com//shorts/dmnI7vLi_IM,,45,,,,,,,,#speaker #tribit #waterproofspeaker #jbl #bathroom #bass #goodthing,shorts,https://www.youtube.com//shorts/dmnI7vLi_IM,,4319,
,,UCnwjKuO1tLH1EJNEQXfJxaA,David Medeiros,https://www.youtube.com/@DavidMedeiros-f6g,DavidMedeiros-f6g,,,,0,2025-02-11T16:08:48.000Z,,,,,srMJ5RIZa48,https://www.youtube.com//shorts/srMJ5RIZa48,,3,,,,,,,,#speaker #tribit #waterproofspeaker #bass #basslovers #fyp,shorts,https://www.youtube.com//shorts/srMJ5RIZa48,,473,
,,UCAxImPrIz076Dad30ctK-2g,Stephanie Warner,https://www.youtube.com/@StephanieWarner-e1y,StephanieWarner-e1y,,,,0,2025-02-13T15:59:05.000Z,,,,,is_R9a3EtBY,https://www.youtube.com//shorts/is_R9a3EtBY,,6,,,,,,,,#speaker #tribit #bluetoothspeaker #bass #justbasslover #beforeandafter,shorts,https://www.youtube.com//shorts/is_R9a3EtBY,,518,
,,UCnwjKuO1tLH1EJNEQXfJxaA,David Medeiros,https://www.youtube.com/@DavidMedeiros-f6g,DavidMedeiros-f6g,,,,0,2025-02-09T16:34:22.000Z,,,,,IndXAexJBOM,https://www.youtube.com//shorts/IndXAexJBOM,,11,,,,,,,,#buletoothspeaker #speaker #tribit #waterproofspeaker #bathroom #fyp #bathroom,shorts,https://www.youtube.com//shorts/IndXAexJBOM,,1395,
@Asingularrock,false,,,,,Ugw_MRTrMTamaCnJzxB4AaABAg,Still looking for one? Buy the t star t888a lookin ahh,,1,,,,,false,,,,,https://www.youtube.com//shorts/M0s3a_SAptA,2 weeks ago,0,,,,,#buletoothspeaker #speaker #tribit #waterproofspeaker #bathroom #fyp,comment,,M0s3a_SAptA,,0
,,UCnwjKuO1tLH1EJNEQXfJxaA,David Medeiros,https://www.youtube.com/@DavidMedeiros-f6g,DavidMedeiros-f6g,,,,0,2025-02-05T14:11:45.000Z,,,,,ilSVqZITKpQ,https://www.youtube.com//shorts/ilSVqZITKpQ,,8,,,,,,,,#buletoothspeaker #speaker #tribit #waterproofspeaker #bathroom #fyp,shorts,https://www.youtube.com//shorts/ilSVqZITKpQ,,616,
,,UCnwjKuO1tLH1EJNEQXfJxaA,David Medeiros,https://www.youtube.com/@DavidMedeiros-f6g,DavidMedeiros-f6g,,,,0,2025-01-31T17:58:28.000Z,,,,,l3kIFMQohCw,https://www.youtube.com//shorts/l3kIFMQohCw,,9,,,,,,,,#buletoothspeaker #speaker #tribit #waterproofspeaker #bathroom #fyp,shorts,https://www.youtube.com//shorts/l3kIFMQohCw,,558,
,,UCmy9G9HWEBsAN6pLOADbHhA,Delimiro Orozc,https://www.youtube.com/@DelimiroOrozc,DelimiroOrozc,,,,0,2025-02-19T15:05:16.000Z,,,,,eSJglZpKUJU,https://www.youtube.com//shorts/eSJglZpKUJU,,32,,,,,,,,#bluetoothspeaker #showerspeaker #tribit #stormbox #basstwst #partyspeaker #waterproofspeaker,shorts,https://www.youtube.com//shorts/eSJglZpKUJU,,4119,
,,UCnwjKuO1tLH1EJNEQXfJxaA,David Medeiros,https://www.youtube.com/@DavidMedeiros-f6g,DavidMedeiros-f6g,,,,0,2025-02-06T16:19:56.000Z,,,,,1v-pXGBkfIo,https://www.youtube.com//shorts/1v-pXGBkfIo,,2,,,,,,,,#buletoothspeaker #speaker #tribit #waterproofspeaker #bathroom #fyp,shorts,https://www.youtube.com//shorts/1v-pXGBkfIo,,606,
,,UCAxImPrIz076Dad30ctK-2g,Stephanie Warner,https://www.youtube.com/@StephanieWarner-e1y,StephanieWarner-e1y,,,,0,2025-02-21T14:43:00.000Z,,,,,AhY-46rexxI,https://www.youtube.com//shorts/AhY-46rexxI,,8,,,,,,,,#tribit #bass #bluetoothspeaker #justbasslover #subwoofers #speaker,shorts,https://www.youtube.com//shorts/AhY-46rexxI,,744,
,,UCnwjKuO1tLH1EJNEQXfJxaA,David Medeiros,https://www.youtube.com/@DavidMedeiros-f6g,DavidMedeiros-f6g,,,,0,2025-02-07T17:05:43.000Z,,,,,U58Q7jlq4P0,https://www.youtube.com//shorts/U58Q7jlq4P0,,4,,,,,,,,#buletoothspeaker #speaker #tribit #waterproofspeaker #bathroom #fyp,shorts,https://www.youtube.com//shorts/U58Q7jlq4P0,,425,
,,UCAxImPrIz076Dad30ctK-2g,Stephanie Warner,https://www.youtube.com/@StephanieWarner-e1y,StephanieWarner-e1y,,,,0,2025-02-22T13:40:17.000Z,,,,,TMfMYars7M4,https://www.youtube.com//shorts/TMfMYars7M4,,2,,,,,,,,#tribit #bass #bluetoothspeaker #justbasslover #subwoofers #speaker,shorts,https://www.youtube.com//shorts/TMfMYars7M4,,494,
,,UCnwjKuO1tLH1EJNEQXfJxaA,David Medeiros,https://www.youtube.com/@DavidMedeiros-f6g,DavidMedeiros-f6g,,,,0,2025-01-28T01:29:16.000Z,,,,,3zsEH4Y5BVs,https://www.youtube.com//shorts/3zsEH4Y5BVs,,1,,,,,,,,#buletoothspeaker #speaker #tribit #waterproofspeaker #bathroom #amazon,shorts,https://www.youtube.com//shorts/3zsEH4Y5BVs,,43,
,,UCAxImPrIz076Dad30ctK-2g,Stephanie Warner,https://www.youtube.com/@StephanieWarner-e1y,StephanieWarner-e1y,,,,0,2025-02-20T17:14:04.000Z,,,,,wjVseNT1uUQ,https://www.youtube.com//shorts/wjVseNT1uUQ,,40,,,,,,,,#tribit #bass #bluetoothspeaker #justbasslover #subwoofers #speaker,shorts,https://www.youtube.com//shorts/wjVseNT1uUQ,,4807,
,,UCnwjKuO1tLH1EJNEQXfJxaA,David Medeiros,https://www.youtube.com/@DavidMedeiros-f6g,DavidMedeiros-f6g,,,,0,2025-02-03T15:29:16.000Z,,,,,eNPf1uMocaQ,https://www.youtube.com//shorts/eNPf1uMocaQ,,11,,,,,,,,#buletoothspeaker #speaker #tribit #waterproofspeaker #bathroom #fyp,shorts,https://www.youtube.com//shorts/eNPf1uMocaQ,,859,
,,UCAxImPrIz076Dad30ctK-2g,Stephanie Warner,https://www.youtube.com/@StephanieWarner-e1y,StephanieWarner-e1y,,,,0,2025-02-19T12:07:59.000Z,,,,,CKzm9L1aTBE,https://www.youtube.com//shorts/CKzm9L1aTBE,,6,,,,,,,,#smartphone #speaker #subwoofer #subwooferbasstest #tribit,shorts,https://www.youtube.com//shorts/CKzm9L1aTBE,,704,
,,UCAxImPrIz076Dad30ctK-2g,Stephanie Warner,https://www.youtube.com/@StephanieWarner-e1y,StephanieWarner-e1y,,,,0,2025-02-18T15:04:22.000Z,,,,,J6ch0v_Powg,https://www.youtube.com//shorts/J6ch0v_Powg,,21,,,,,,,,#tribit #bass #bluetoothspeaker #justbasslover #subwoofers #speaker,shorts,https://www.youtube.com//shorts/J6ch0v_Powg,,2224,
@mathias4891,false,,,,,UgyuXE6hipgQMqPmg-t4AaABAg,Not sure why ....,,1,,,,,false,,,,,https://www.youtube.com//shorts/rtzByiHVTiE,3 days ago,0,,,,,#tribit #bluetoothspeaker #portablespeaker #subwoofer #speaker #waterproofspeaker,comment,,rtzByiHVTiE,,0
,,UCAxImPrIz076Dad30ctK-2g,Stephanie Warner,https://www.youtube.com/@StephanieWarner-e1y,StephanieWarner-e1y,,,,0,2025-02-20T17:47:43.000Z,,,,,KYafkgmuUgA,https://www.youtube.com//shorts/KYafkgmuUgA,,9,,,,,,,,#tribit #bass #bluetoothspeaker #justbasslover #subwoofers #speaker,shorts,https://www.youtube.com//shorts/KYafkgmuUgA,,414,
,,UCmy9G9HWEBsAN6pLOADbHhA,Delimiro Orozc,https://www.youtube.com/@DelimiroOrozc,DelimiroOrozc,,,,0,2025-02-23T14:53:58.000Z,,,,,NMKjxZZo4yE,https://www.youtube.com//shorts/NMKjxZZo4yE,,5,,,,,,,,#bluetoothspeaker #showerspeaker #tribit #stormbox #basstwst #partyspeaker #waterproofspeaker,shorts,https://www.youtube.com//shorts/NMKjxZZo4yE,,538,
,,UCmy9G9HWEBsAN6pLOADbHhA,Delimiro Orozc,https://www.youtube.com/@DelimiroOrozc,DelimiroOrozc,,,,0,2025-02-19T12:10:17.000Z,,,,,NYtieerdEPM,https://www.youtube.com//shorts/NYtieerdEPM,,38,,,,,,,,#bluetoothspeaker #showerspeaker #tribit #stormbox #basstwst #partyspeaker #waterproofspeaker,shorts,https://www.youtube.com//shorts/NYtieerdEPM,,2665,
@CarsonDykes-g2q,false,,,,,Ugz5_Hce-MRkEgbGowp4AaABAg,My jbl speaker does the same thing,,2,,,,,false,,,,,https://www.youtube.com//shorts/a79D0-2bZa8,9 days ago,1,,,,,#bluetoothspeaker #showerspeaker  #tribit #stormbox #basstwst #partyspeaker #waterproofspeaker,comment,,a79D0-2bZa8,,0
,,UCAxImPrIz076Dad30ctK-2g,Stephanie Warner,https://www.youtube.com/@StephanieWarner-e1y,StephanieWarner-e1y,,,,0,2025-02-12T02:47:00.000Z,,,,,mainaBuRBiQ,https://www.youtube.com//shorts/mainaBuRBiQ,,5,,,,,,,,#tribit #bass #bluetoothspeaker #justbasslover #subwoofers #speaker,shorts,https://www.youtube.com//shorts/mainaBuRBiQ,,734,
,,UCAxImPrIz076Dad30ctK-2g,Stephanie Warner,https://www.youtube.com/@StephanieWarner-e1y,StephanieWarner-e1y,,,,0,2025-02-12T15:19:45.000Z,,,,,F7VP4UbrOG8,https://www.youtube.com//shorts/F7VP4UbrOG8,,30,,,,,,,,#tribit #speaker #bluetoothspeaker #bass #subwoofers #bathroom #justbasslover,shorts,https://www.youtube.com//shorts/F7VP4UbrOG8,,2008,
,,UC3fPLocxaAcbyo83fEa5BcQ,Bigteddybear Skitina,https://www.youtube.com/@BigteddybearSkitina,BigteddybearSkitina,,,,0,2025-01-24T16:09:09.000Z,,,,,C4uFROfe9bU,https://www.youtube.com//shorts/C4uFROfe9bU,,12,,,,,,,,#bluetoothspeaker #speaker #tribit#waterproofspeaker,shorts,https://www.youtube.com//shorts/C4uFROfe9bU,,925,
,,UCAxImPrIz076Dad30ctK-2g,Stephanie Warner,https://www.youtube.com/@StephanieWarner-e1y,StephanieWarner-e1y,,,,0,2025-02-19T14:37:38.000Z,,,,,UNDhlMDWAss,https://www.youtube.com//shorts/UNDhlMDWAss,,7,,,,,,,,#tribit #bass #bluetoothspeaker #justbasslover #subwoofers #speaker,shorts,https://www.youtube.com//shorts/UNDhlMDWAss,,574,
,,UCAxImPrIz076Dad30ctK-2g,Stephanie Warner,https://www.youtube.com/@StephanieWarner-e1y,StephanieWarner-e1y,,,,0,2025-02-19T03:54:27.000Z,,,,,QoOKnmNRjQg,https://www.youtube.com//shorts/QoOKnmNRjQg,,8,,,,,,,,#bluetoothspeaker,shorts,https://www.youtube.com//shorts/QoOKnmNRjQg,,460,
@PamelaMabry-d7o,false,,,,,Ugz5_Hce-MRkEgbGowp4AaABAg.AEXcPqhYwaFAEYCRO6089q,Fr I got a go 3,,2,,,,,false,,,,,https://www.youtube.com//shorts/a79D0-2bZa8,9 days ago,0,Ugz5_Hce-MRkEgbGowp4AaABAg,,,,#bluetoothspeaker #showerspeaker  #tribit #stormbox #basstwst #partyspeaker #waterproofspeaker,reply,,a79D0-2bZa8,,1
,,UCmy9G9HWEBsAN6pLOADbHhA,Delimiro Orozc,https://www.youtube.com/@DelimiroOrozc,DelimiroOrozc,,,,0,2025-02-23T14:08:44.000Z,,,,,il9yKuw__yc,https://www.youtube.com//shorts/il9yKuw__yc,,9,,,,,,,,#bluetoothspeaker #showerspeaker #tribit #stormbox #basstwst #partyspeaker #waterproofspeaker,shorts,https://www.youtube.com//shorts/il9yKuw__yc,,494,
,,UCmy9G9HWEBsAN6pLOADbHhA,Delimiro Orozc,https://www.youtube.com/@DelimiroOrozc,DelimiroOrozc,,,,0,2025-02-21T02:41:55.000Z,,,,,QWKlCSaP0RE,https://www.youtube.com//shorts/QWKlCSaP0RE,,16,,,,,,,,#bluetoothspeaker #showerspeaker #tribit #stormbox #basstwst #partyspeaker #waterproofspeaker,shorts,https://www.youtube.com//shorts/QWKlCSaP0RE,,1409,
,,UCnwjKuO1tLH1EJNEQXfJxaA,David Medeiros,https://www.youtube.com/@DavidMedeiros-f6g,DavidMedeiros-f6g,,,,0,2025-02-16T14:36:13.000Z,,,,,nM-36V0mdu8,https://www.youtube.com//shorts/nM-36V0mdu8,,1,,,,,,,,#bluetoothspeaker #speaker #tribit #waterproofspeaker #bass #basslovers #fyp,shorts,https://www.youtube.com//shorts/nM-36V0mdu8,,424,